datetime,nanosecond,lat,lng,power,type
2014-11-21 10:56:44,810600000,23.7139,121.0418,-,IC
2014-11-21 10:57:08,560100000,23.7001,121.0691,-,IC
2014-11-21 11:02:57,867800000,23.7786,121.0568,-,IC
2014-11-21 15:04:57,191400000,23.0553,122.7046,-,IC
2014-11-21 15:04:57,191500000,23.1303,122.6929,-,IC
2014-11-21 18:24:30,401600000,24.5417,121.4658,-,IC
2014-11-22 08:19:46,596700000,22.8782,121.1498,-,IC
2014-11-23 18:38:28,722700000,23.5944,121.4099,-,IC
2014-11-23 18:38:28,722800000,23.5982,121.4119,-,IC
2014-11-24 19:40:35,264300000,24.54,121.484,-,IC
2014-11-24 19:40:35,264400000,24.5293,121.4832,-,IC
2014-11-24 20:36:24,236800000,24.5174,121.4791,-,IC
2014-11-25 07:25:53,40500000,23.2284,121.1164,-,IC
2014-11-25 12:46:26,167300000,23.096,121.1258,-,IC
2014-11-25 12:46:26,167400000,23.096,121.1258,-,IC
2014-11-25 13:37:17,482900000,23.7814,121.0463,-,IC
2014-11-26 10:00:04,213900000,22.9071,121.1049,-,IC
2014-11-26 17:55:19,381100000,23.3725,121.3199,-,IC
2014-11-26 17:55:19,381200000,23.3734,121.3203,-,IC
2014-11-26 19:12:44,667600000,23.737,121.6484,-,IC
2014-11-27 07:08:11,315746138,24.0540390014648,122.534820556641,-10.7115,CG
2014-11-27 08:06:45,901800000,23.8798,122.6305,-,IC
2014-11-27 08:06:45,901900000,23.8842,122.6271,-,IC
2014-11-27 08:06:45,902200000,23.8599,122.6354,-,IC
2014-11-27 08:06:45,902300000,23.8596,122.6375,-,IC
2014-11-27 10:20:30,940700000,24.7463,122.7098,-,IC
2014-11-27 10:20:30,940800000,24.726,122.6804,-,IC
2014-11-27 10:26:00,356700000,23.1539,121.109,-,IC
2014-11-27 10:55:29,946073495,25.0712089538574,122.709144592285,-9.1945,CG
2014-11-27 10:57:44,853895131,24.8783092498779,122.286064147949,-11.211,CG
2014-11-27 11:17:25,777923972,24.1878261566162,122.706344604492,-12.4875,CG
2014-11-27 14:06:46,313900000,22.9301,121.0906,-,IC
2014-11-27 14:12:26,322600000,23.0313,121.0763,-,IC
2014-11-27 14:58:21,157732194,25.1686973571777,121.996154785156,-10.0455,CG
2014-11-27 15:29:09,633200000,24.9988,121.9814,-,IC
2014-11-27 16:12:16,287800000,25.0536,121.94,-,IC
2014-11-27 17:57:55,324300000,25.169,121.525,-,IC
2014-11-27 17:57:55,324400000,25.169,121.525,-,IC
2014-11-27 17:57:55,324500000,25.1644,121.5149,-,IC
2014-11-27 17:57:55,324600000,25.1647,121.5124,-,IC
2014-11-27 17:57:55,324700000,25.1652,121.5174,-,IC
2014-11-27 17:57:55,324800000,25.175,121.523,-,IC
2014-11-27 17:57:55,324900000,25.1663,121.5126,-,IC
2014-11-27 17:57:55,325000000,25.1739,121.518,-,IC
2014-11-27 17:57:55,325100000,25.1597,121.5048,-,IC
2014-11-27 17:57:55,325200000,25.1692,121.5152,-,IC
2014-11-27 17:57:55,325300000,25.1706,121.5153,-,IC
2014-11-27 17:58:09,150500000,25.1601,121.5154,-,IC
2014-11-27 17:58:09,150600000,25.1644,121.5231,-,IC
2014-11-27 17:58:09,150700000,25.1535,121.4979,-,IC
2014-11-27 17:58:09,150800000,25.1572,121.5104,-,IC
2014-11-27 17:58:09,150900000,25.171,121.5285,-,IC
2014-11-27 17:58:09,151000000,25.172,121.5261,-,IC
2014-11-27 17:58:09,151100000,25.1645,121.5157,-,IC
2014-11-27 17:58:09,151200000,25.1665,121.5208,-,IC
2014-11-27 17:58:14,212100000,25.1578,121.5048,-,IC
2014-11-27 17:58:14,212200000,25.1686,121.5227,-,IC
2014-11-27 17:58:14,212300000,25.1731,121.5156,-,IC
2014-11-27 17:58:14,212400000,25.172,121.5204,-,IC
2014-11-27 17:58:14,212500000,25.1662,121.5151,-,IC
2014-11-27 17:58:14,212600000,25.1662,121.5151,-,IC
2014-11-27 17:58:14,212700000,25.1713,121.5155,-,IC
2014-11-27 17:58:14,212800000,25.1757,121.5281,-,IC
2014-11-27 17:58:14,212900000,25.1643,121.5126,-,IC
2014-11-27 17:58:14,213000000,25.1726,121.5205,-,IC
2014-11-27 17:58:20,6900000,25.1585,121.5103,-,IC
2014-11-27 17:58:20,7000000,25.1585,121.5103,-,IC
2014-11-27 17:58:20,7100000,25.1603,121.5104,-,IC
2014-11-27 17:58:20,7200000,25.1658,121.5108,-,IC
2014-11-27 17:58:20,7300000,25.1669,121.506,-,IC
2014-11-27 17:58:20,7400000,25.1658,121.5084,-,IC
2014-11-27 17:58:20,7500000,25.1644,121.5132,-,IC
2014-11-27 17:58:20,589900000,25.1807,121.5248,-,IC
2014-11-27 17:58:20,590000000,25.1681,121.5239,-,IC
2014-11-27 17:58:20,590100000,25.1606,121.5111,-,IC
2014-11-27 17:58:20,590200000,25.1635,121.5089,-,IC
2014-11-27 17:58:20,590300000,25.1678,121.5165,-,IC
2014-11-27 17:58:20,590400000,25.1686,121.5165,-,IC
2014-11-27 17:58:20,590500000,25.1652,121.5139,-,IC
2014-11-27 17:58:22,71700000,25.1525,121.5075,-,IC
2014-11-27 17:58:22,71800000,25.1552,121.5126,-,IC
2014-11-27 17:58:22,71900000,25.1569,121.5103,-,IC
2014-11-27 17:58:22,72000000,25.167,121.5134,-,IC
2014-11-27 17:58:22,72100000,25.167,121.5134,-,IC
2014-11-27 17:58:22,72200000,25.1661,121.5133,-,IC
2014-11-27 17:58:22,72300000,25.1629,121.5082,-,IC
2014-11-27 17:58:22,72400000,25.1597,121.5031,-,IC
2014-11-27 17:58:22,72500000,25.1659,121.5133,-,IC
2014-11-27 17:58:22,72600000,25.162,121.5057,-,IC
2014-11-27 17:58:22,72700000,25.1648,121.5132,-,IC
2014-11-27 17:58:22,72800000,25.1633,121.5058,-,IC
2014-11-27 21:04:30,912000000,25.4118,119.5662,-,IC
2014-11-27 21:46:53,43421405,25.4475193023682,118.884056091309,-91.908,CG
2014-11-27 21:48:36,307314163,25.4816780090332,118.789459228516,-28.231,CG
2014-11-27 22:07:36,911033244,24.852876663208,122.266098022461,-8.7875,CG
2014-11-27 22:29:09,560957353,25.5932350158691,119.140830993652,-18.981,CG
2014-11-27 22:29:09,561300000,25.4554,119.7457,-,IC
2014-11-27 22:29:09,561400000,25.508,119.5988,-,IC
2014-11-27 22:29:09,561600000,25.4634,119.6822,-,IC
2014-11-27 22:29:09,561700000,25.4536,119.7021,-,IC
2014-11-27 22:55:31,889200000,25.3027,120.3073,-,IC
2014-11-27 22:57:52,982100000,25.6,120.095,-,IC
2014-11-27 22:59:26,253700000,25.5728,120.3569,-,IC
2014-11-27 23:01:32,552000000,25.6377,120.2971,-,IC
2014-11-27 23:01:32,624400000,25.5199,120.424,-,IC
2014-11-27 23:01:32,624500000,25.6073,120.2734,-,IC
2014-11-27 23:01:32,624600000,25.6844,120.2124,-,IC
2014-11-27 23:01:32,646400000,25.5436,120.3492,-,IC
2014-11-27 23:02:24,9100000,25.7101,120.0517,-,IC
2014-11-27 23:02:56,652800000,25.532,120.4279,-,IC
2014-11-27 23:02:56,652900000,25.5903,120.3132,-,IC
2014-11-27 23:02:56,653000000,25.5689,120.4356,-,IC
2014-11-27 23:03:29,182400000,25.5156,119.8926,-,IC
2014-11-27 23:07:49,97500000,25.6664,120.1905,-,IC
2014-11-27 23:08:36,248200000,25.3665,120.283,-,IC
2014-11-27 23:08:36,248300000,25.3732,120.2772,-,IC
2014-11-27 23:08:36,301100000,25.537,120.0076,-,IC
2014-11-27 23:08:36,301200000,25.537,120.0076,-,IC
2014-11-27 23:08:36,301300000,25.4675,120.0445,-,IC
2014-11-27 23:08:41,39202014,25.7082557678223,120.124801635742,-12.136,CG
2014-11-27 23:08:41,858300000,25.6638,120.5164,-,IC
2014-11-27 23:10:18,140300000,25.6237,119.4197,-,IC
2014-11-27 23:10:18,140400000,25.6237,119.4197,-,IC
2014-11-27 23:10:18,711200000,25.4328,120.0234,-,IC
2014-11-27 23:11:16,614500000,25.5448,120.483,-,IC
2014-11-27 23:13:19,74700000,25.4287,120.0736,-,IC
2014-11-27 23:15:09,126900000,25.4587,120.0016,-,IC
2014-11-27 23:15:09,127000000,25.4587,120.0016,-,IC
2014-11-27 23:16:57,346900000,25.6135,120.4482,-,IC
2014-11-27 23:16:57,347000000,25.6441,120.414,-,IC
2014-11-27 23:18:44,491200000,25.5931,120.4962,-,IC
2014-11-27 23:18:44,512600000,25.685,120.2952,-,IC
2014-11-27 23:18:44,519111631,25.7974662780762,120.117767333984,-77.108,CG
2014-11-27 23:18:44,519300000,25.5651,120.5315,-,IC
2014-11-27 23:18:56,147400000,25.5114,120.0854,-,IC
2014-11-27 23:20:12,822300000,25.4207,120.3655,-,IC
2014-11-27 23:22:40,324500000,25.6529,120.4951,-,IC
2014-11-27 23:22:40,324600000,25.6152,120.6026,-,IC
2014-11-27 23:23:45,149900000,25.6873,120.4123,-,IC
2014-11-27 23:23:45,150000000,25.6873,120.4123,-,IC
2014-11-27 23:25:58,764700000,25.5885,119.7335,-,IC
2014-11-27 23:25:58,764800000,25.5885,119.7335,-,IC
2014-11-27 23:25:58,985600000,25.4044,120.3294,-,IC
2014-11-27 23:25:59,104700000,25.629,119.7175,-,IC
2014-11-27 23:25:59,104800000,25.629,119.7175,-,IC
2014-11-27 23:25:59,104900000,25.6138,119.7487,-,IC
2014-11-27 23:26:29,7807451,25.8599338531494,120.140228271484,-10.027,CG
2014-11-27 23:28:50,801800000,25.6872,120.436,-,IC
2014-11-27 23:32:15,637061098,25.5993595123291,119.764266967773,-13.0055,CG
2014-11-27 23:32:15,884000000,25.5333,120.023,-,IC
2014-11-27 23:32:15,884100000,25.5333,120.023,-,IC
2014-11-27 23:34:58,636300000,25.7077,120.5338,-,IC
2014-11-27 23:34:58,636400000,25.697,120.5333,-,IC
2014-11-27 23:34:58,890900000,25.7863,120.3953,-,IC
2014-11-27 23:36:02,894600000,25.6406,120.5887,-,IC
2014-11-27 23:36:02,894700000,25.6955,120.5095,-,IC
2014-11-27 23:36:02,894800000,25.7125,120.4818,-,IC
2014-11-27 23:36:02,894900000,25.704,120.5253,-,IC
2014-11-27 23:36:02,895000000,25.6441,120.6024,-,IC
2014-11-27 23:36:25,91400000,25.6902,120.5268,-,IC
2014-11-27 23:36:25,91500000,25.6385,120.6005,-,IC
2014-11-27 23:36:25,91600000,25.653,120.5683,-,IC
2014-11-27 23:36:25,91800000,25.6427,120.5969,-,IC
2014-11-27 23:36:25,91900000,25.6993,120.4799,-,IC
2014-11-27 23:36:25,92000000,25.7295,120.4549,-,IC
2014-11-27 23:36:25,92100000,25.676,120.5401,-,IC
2014-11-27 23:36:25,92200000,25.6696,120.5846,-,IC
2014-11-27 23:38:07,909100000,25.7168,120.4955,-,IC
2014-11-27 23:38:07,909200000,25.6563,120.6027,-,IC
2014-11-27 23:38:07,922300000,25.7564,120.4296,-,IC
2014-11-27 23:38:07,922314397,25.9784851074219,120.296203613281,12.7465,CG
2014-11-27 23:38:07,922400000,25.7564,120.4296,-,IC
2014-11-27 23:38:07,927400000,25.6522,120.607,-,IC
2014-11-27 23:38:07,927600000,25.676,120.555,-,IC
2014-11-27 23:38:08,147300000,25.682,120.57,-,IC
2014-11-27 23:38:08,797700000,25.7052,120.5373,-,IC
2014-11-27 23:38:08,851900000,25.7016,120.5264,-,IC
2014-11-27 23:39:31,972600000,25.717,120.5312,-,IC
2014-11-27 23:39:32,305300000,25.7054,120.5246,-,IC
2014-11-27 23:39:32,333600000,25.7895,120.5234,-,IC
2014-11-27 23:39:32,333700000,25.8189,120.4809,-,IC
2014-11-27 23:39:32,333800000,25.8298,120.4471,-,IC
2014-11-27 23:39:32,333900000,25.8102,120.4729,-,IC
2014-11-27 23:39:32,334000000,25.8404,120.4529,-,IC
2014-11-27 23:39:32,334100000,25.8306,120.4846,-,IC
2014-11-27 23:39:32,353200000,25.7256,120.5302,-,IC
2014-11-27 23:41:16,929500000,25.7581,120.4876,-,IC
2014-11-27 23:41:16,929600000,25.7662,120.475,-,IC
2014-11-27 23:41:16,929700000,25.7009,120.5684,-,IC
2014-11-27 23:42:02,200800000,25.8594,120.3464,-,IC
2014-11-27 23:44:06,803100000,25.794,120.562,-,IC
2014-11-27 23:44:24,931500000,25.7452,120.4922,-,IC
2014-11-27 23:44:24,931900000,25.7786,120.5036,-,IC
2014-11-27 23:46:32,859300000,25.6501,120.6603,-,IC
2014-11-27 23:46:32,859400000,25.6562,120.6613,-,IC
2014-11-27 23:46:32,859500000,25.6458,120.6693,-,IC
2014-11-27 23:46:32,859600000,25.69,120.5856,-,IC
2014-11-27 23:46:32,859700000,25.6665,120.6166,-,IC
2014-11-27 23:46:32,910553661,25.8153667449951,120.456588745117,-69.412,CG
2014-11-27 23:46:32,910900000,25.7605,120.5306,-,IC
2014-11-27 23:46:32,911000000,25.7605,120.5306,-,IC
2014-11-27 23:46:32,933490441,25.904260635376,120.390129089355,-93.3695,CG
2014-11-27 23:46:32,933500000,25.8276,120.4697,-,IC
2014-11-27 23:46:32,941200000,25.7225,120.5831,-,IC
2014-11-27 23:47:45,476700000,25.8188,120.4307,-,IC
2014-11-27 23:47:45,478000000,25.8157,120.4484,-,IC
2014-11-27 23:48:42,671400000,25.7685,120.5832,-,IC
2014-11-27 23:48:42,671500000,25.7421,120.6074,-,IC
2014-11-27 23:49:56,288600000,25.7552,120.5663,-,IC
2014-11-27 23:53:31,526109105,25.6883163452148,119.84058380127,31.746,CG
2014-11-27 23:54:05,27700000,25.7753,120.5209,-,IC
2014-11-27 23:54:05,303100000,25.8441,120.601,-,IC
2014-11-27 23:54:05,303200000,25.8398,120.6194,-,IC
2014-11-27 23:54:05,425600000,25.8242,120.6308,-,IC
2014-11-27 23:54:05,425700000,25.8278,120.6082,-,IC
2014-11-27 23:55:06,554935266,25.9295825958252,120.430152893066,-30.525,CG
2014-11-27 23:55:06,556200000,25.3889,120.6937,-,IC
2014-11-27 23:57:11,119900000,25.7531,120.6598,-,IC
2014-11-27 23:57:11,120000000,25.7405,120.6742,-,IC
2014-11-27 23:57:11,120100000,25.7601,120.6479,-,IC
2014-11-27 23:57:11,120200000,25.7891,120.6167,-,IC
2014-11-27 23:57:11,120300000,25.7915,120.616,-,IC
2014-11-27 23:57:11,129800000,25.7285,120.6818,-,IC
2014-11-27 23:57:11,130700000,25.8118,120.5665,-,IC
2014-11-27 23:57:11,130800000,25.8395,120.5372,-,IC
2014-11-27 23:57:11,244000000,25.7842,120.6247,-,IC
2014-11-27 23:57:11,300000000,25.7289,120.6917,-,IC
2014-11-27 23:57:11,307700000,25.795,120.6324,-,IC
2014-11-27 23:58:09,796500000,25.79,120.5361,-,IC
2014-11-27 23:58:10,57400000,25.8378,120.5914,-,IC
2014-11-27 23:58:10,78700000,25.7499,120.6331,-,IC
2014-11-27 23:58:10,78800000,25.7741,120.6103,-,IC
2014-11-27 23:59:22,731000000,25.837,120.5541,-,IC
2014-11-27 23:59:23,90100000,25.775,120.6075,-,IC
2014-11-28 00:00:30,315900000,25.5522,120.6377,-,IC
2014-11-28 00:00:30,700200000,25.759,120.6935,-,IC
2014-11-28 00:01:14,149600000,25.8173,120.6577,-,IC
2014-11-28 00:01:14,201400000,25.789,120.6827,-,IC
2014-11-28 00:01:14,382900000,25.7562,120.6347,-,IC
2014-11-28 00:01:14,383000000,25.822,120.5897,-,IC
2014-11-28 00:01:14,383100000,25.791,120.6119,-,IC
2014-11-28 00:01:14,438700000,25.8075,120.578,-,IC
2014-11-28 00:02:25,203000000,25.8926,120.6732,-,IC
2014-11-28 00:02:25,203100000,25.9066,120.6768,-,IC
2014-11-28 00:02:25,213900000,25.814,120.6408,-,IC
2014-11-28 00:02:28,413700000,25.4414,120.4521,-,IC
2014-11-28 00:02:28,429418298,25.659574508667,119.934638977051,14.689,CG
2014-11-28 00:03:01,180400000,25.8283,120.6545,-,IC
2014-11-28 00:03:01,495400000,25.8297,120.6108,-,IC
2014-11-28 00:03:01,495500000,25.8753,120.5548,-,IC
2014-11-28 00:03:01,519200000,25.8443,120.6631,-,IC
2014-11-28 00:03:01,527400000,25.8217,120.6251,-,IC
2014-11-28 00:03:01,527500000,25.7764,120.6792,-,IC
2014-11-28 00:03:01,560300000,25.8533,120.5902,-,IC
2014-11-28 00:03:47,320700000,25.8551,120.5919,-,IC
2014-11-28 00:03:47,320800000,25.8373,120.5858,-,IC
2014-11-28 00:03:47,320900000,25.8461,120.6007,-,IC
2014-11-28 00:03:47,321000000,25.8665,120.6191,-,IC
2014-11-28 00:03:47,321100000,25.8632,120.6231,-,IC
2014-11-28 00:03:47,321200000,25.9088,120.5802,-,IC
2014-11-28 00:04:22,999500000,26.0073,120.4695,-,IC
2014-11-28 00:05:31,793000000,25.8564,120.5825,-,IC
2014-11-28 00:06:00,258900000,25.956,120.4918,-,IC
2014-11-28 00:06:40,535400000,25.4977,120.6731,-,IC
2014-11-28 00:06:40,896100000,25.9105,120.6425,-,IC
2014-11-28 00:07:18,561400000,25.8028,120.7048,-,IC
2014-11-28 00:07:18,561500000,25.8026,120.6811,-,IC
2014-11-28 00:07:18,561600000,25.8243,120.649,-,IC
2014-11-28 00:07:18,561700000,25.8035,120.6824,-,IC
2014-11-28 00:07:18,561800000,25.7883,120.6988,-,IC
2014-11-28 00:07:18,561900000,25.7954,120.69,-,IC
2014-11-28 00:07:46,354400000,25.7973,120.72,-,IC
2014-11-28 00:08:13,481300000,25.6274,120.1318,-,IC
2014-11-28 00:08:47,473000000,25.8464,120.6102,-,IC
2014-11-28 00:09:35,226500000,25.88,120.687,-,IC
2014-11-28 00:09:35,341500000,25.9038,120.5879,-,IC
2014-11-28 00:10:29,479400000,25.4241,120.6903,-,IC
2014-11-28 00:10:29,919600000,25.935,120.697,-,IC
2014-11-28 00:10:29,919800000,25.8795,120.6859,-,IC
2014-11-28 00:10:29,920000000,25.8481,120.6982,-,IC
2014-11-28 00:10:51,297700000,25.5136,120.3842,-,IC
2014-11-28 00:11:14,930700000,25.8372,120.6304,-,IC
2014-11-28 00:11:14,941400000,25.821,120.6671,-,IC
2014-11-28 00:11:14,946600000,25.8692,120.5945,-,IC
2014-11-28 00:11:14,946700000,25.8594,120.6067,-,IC
2014-11-28 00:11:14,946800000,25.8398,120.6057,-,IC
2014-11-28 00:11:14,946850546,25.9532985687256,120.560050964355,-21.275,CG
2014-11-28 00:11:23,869500000,25.8953,120.6536,-,IC
2014-11-28 00:11:23,869600000,25.8466,120.7184,-,IC
2014-11-28 00:11:24,12500000,25.8966,120.6662,-,IC
2014-11-28 00:11:24,12600000,25.8273,120.7176,-,IC
2014-11-28 00:11:24,322000000,25.9124,120.6745,-,IC
2014-11-28 00:11:24,673800000,25.9017,120.6747,-,IC
2014-11-28 00:11:24,673900000,25.8738,120.6678,-,IC
2014-11-28 00:12:40,781200000,25.8194,120.7334,-,IC
2014-11-28 00:13:23,496800000,25.8134,120.6902,-,IC
2014-11-28 00:15:02,163000000,25.5106,120.4558,-,IC
2014-11-28 00:15:13,248400000,25.8528,120.7279,-,IC
2014-11-28 00:16:03,504600000,25.8376,120.7222,-,IC
2014-11-28 00:16:03,741400000,25.8736,120.7602,-,IC
2014-11-28 00:16:07,681100000,25.5092,120.4992,-,IC
2014-11-28 00:17:11,56600000,25.9788,120.5551,-,IC
2014-11-28 00:17:11,57179647,25.9725589752197,120.621688842773,-11.8955,CG
2014-11-28 00:17:11,225100000,25.8295,120.7217,-,IC
2014-11-28 00:17:11,227000000,25.8394,120.6586,-,IC
2014-11-28 00:17:11,430800000,25.817,120.746,-,IC
2014-11-28 00:17:11,430900000,25.8476,120.7106,-,IC
2014-11-28 00:17:47,811400000,25.5968,120.2817,-,IC
2014-11-28 00:17:47,811500000,25.5968,120.2817,-,IC
2014-11-28 00:17:47,812000000,25.5381,120.4108,-,IC
2014-11-28 00:18:20,53300000,25.9351,120.6058,-,IC
2014-11-28 00:18:20,429700000,25.9363,120.6802,-,IC
2014-11-28 00:18:20,429800000,25.9422,120.6592,-,IC
2014-11-28 00:18:20,429900000,25.9303,120.66,-,IC
2014-11-28 00:20:03,690400000,25.9804,120.624,-,IC
2014-11-28 00:20:04,476700000,25.8625,120.6935,-,IC
2014-11-28 00:20:04,503200000,25.8917,120.7666,-,IC
2014-11-28 00:20:32,230100000,25.8797,120.6975,-,IC
2014-11-28 00:21:08,499600000,25.9447,120.613,-,IC
2014-11-28 00:23:07,469600000,25.9076,120.7576,-,IC
2014-11-28 00:23:07,469700000,25.8994,120.7572,-,IC
2014-11-28 00:23:36,463600000,25.9277,120.6643,-,IC
2014-11-28 00:24:55,301000000,25.911,120.7021,-,IC
2014-11-28 00:24:55,301300000,25.8781,120.7128,-,IC
2014-11-28 00:24:55,302200000,25.8886,120.7078,-,IC
2014-11-28 00:24:55,635100000,25.9349,120.691,-,IC
2014-11-28 00:25:42,493300000,25.6388,120.3332,-,IC
2014-11-28 00:25:42,493400000,25.5848,120.4159,-,IC
2014-11-28 00:27:49,94700000,25.9509,120.7043,-,IC
2014-11-28 00:27:49,94800000,25.934,120.7057,-,IC
2014-11-28 00:27:53,102500000,25.5604,120.4539,-,IC
2014-11-28 00:27:53,102600000,25.5447,120.4994,-,IC
2014-11-28 00:29:31,422900000,25.9313,120.8048,-,IC
2014-11-28 00:29:31,479100000,25.9287,120.8074,-,IC
2014-11-28 00:30:01,125204179,25.751781463623,120.138572692871,54.1495,CG
2014-11-28 00:30:01,125300000,25.5614,120.4132,-,IC
2014-11-28 00:30:01,365900000,25.4935,120.619,-,IC
2014-11-28 00:31:20,982600000,25.6597,120.1927,-,IC
2014-11-28 00:31:21,271900000,25.5494,120.4881,-,IC
2014-11-28 00:32:14,806100000,25.9751,120.4914,-,IC
2014-11-28 00:32:14,806200000,25.973,120.5081,-,IC
2014-11-28 00:32:19,364000000,25.9374,120.8387,-,IC
2014-11-28 00:32:19,457000000,25.9549,120.8008,-,IC
2014-11-28 00:33:29,110000000,25.9828,120.7901,-,IC
2014-11-28 00:33:29,195900000,25.9164,120.8344,-,IC
2014-11-28 00:33:29,244300000,26.0512,120.8072,-,IC
2014-11-28 00:34:25,123100000,25.5433,120.4414,-,IC
2014-11-28 00:34:37,211900000,25.9635,120.7999,-,IC
2014-11-28 00:34:37,212000000,25.9831,120.8013,-,IC
2014-11-28 00:35:49,672700000,25.968,120.7757,-,IC
2014-11-28 00:35:49,990700000,25.9506,120.7915,-,IC
2014-11-28 00:35:49,990800000,25.957,120.781,-,IC
2014-11-28 00:35:50,78300000,25.7057,120.7867,-,IC
2014-11-28 00:35:50,81200000,26.0009,120.8028,-,IC
2014-11-28 00:35:50,81300000,25.9896,120.8023,-,IC
2014-11-28 00:35:50,81400000,25.9941,120.8069,-,IC
2014-11-28 00:38:00,521000000,26.0191,120.7691,-,IC
2014-11-28 00:38:00,521100000,26.0191,120.7691,-,IC
2014-11-28 00:38:00,804500000,26.045,120.8281,-,IC
2014-11-28 00:38:00,804600000,26.045,120.8281,-,IC
2014-11-28 00:38:00,854000000,26.006,120.8643,-,IC
2014-11-28 00:38:00,870900000,26.0127,120.8405,-,IC
2014-11-28 00:38:00,924800000,25.9721,120.7934,-,IC
2014-11-28 00:38:00,925000000,25.9386,120.8224,-,IC
2014-11-28 00:40:32,421573556,26.0620288848877,120.773056030273,-14.615,CG
2014-11-28 00:43:08,109700000,25.9015,120.8574,-,IC
2014-11-28 00:43:08,154900000,26.0143,120.802,-,IC
2014-11-28 00:43:56,977600000,26.0125,120.8795,-,IC
2014-11-28 00:45:47,236200000,26.0039,120.8601,-,IC
2014-11-28 00:45:47,241947970,26.0019035339355,120.855171203613,-15.281,CG
2014-11-28 00:45:47,242500000,26.0239,120.8819,-,IC
2014-11-28 00:46:28,896100000,25.6327,120.4824,-,IC
2014-11-28 00:46:29,347500000,25.7417,120.4753,-,IC
2014-11-28 00:47:17,444900000,25.9951,120.8939,-,IC
2014-11-28 00:47:55,567800000,26.0937,120.9009,-,IC
2014-11-28 00:47:55,567900000,26.0937,120.9009,-,IC
2014-11-28 00:49:53,831600000,26.0814,120.9189,-,IC
2014-11-28 00:50:32,729500000,25.6049,120.5754,-,IC
2014-11-28 00:51:19,8600000,26.0587,120.9302,-,IC
2014-11-28 00:52:14,515100000,25.632,120.5149,-,IC
2014-11-28 00:53:29,443500000,26.1157,120.9055,-,IC
2014-11-28 00:53:29,443600000,26.0985,120.9059,-,IC
2014-11-28 00:54:10,908300000,26.0813,120.9162,-,IC
2014-11-28 00:54:10,972700000,26.0769,120.9165,-,IC
2014-11-28 00:54:59,186900000,26.0938,120.8831,-,IC
2014-11-28 00:54:59,187000000,26.0938,120.8831,-,IC
2014-11-28 00:54:59,187100000,26.1041,120.8899,-,IC
2014-11-28 00:54:59,269000000,26.1206,120.8927,-,IC
2014-11-28 00:55:12,818900000,26.0863,120.9291,-,IC
2014-11-28 00:55:12,819000000,26.091,120.9392,-,IC
2014-11-28 00:55:12,819100000,25.7911,120.9391,-,IC
2014-11-28 00:55:12,819200000,25.8091,120.9435,-,IC
2014-11-28 00:55:12,819300000,26.1263,120.9728,-,IC
2014-11-28 00:55:12,889800000,26.0599,120.9348,-,IC
2014-11-28 00:55:12,889900000,26.0831,120.9276,-,IC
2014-11-28 00:55:12,890000000,26.1054,120.9418,-,IC
2014-11-28 00:55:12,890100000,26.1254,120.9419,-,IC
2014-11-28 00:55:13,174000000,26.0709,120.9668,-,IC
2014-11-28 00:55:13,177400000,26.1799,120.9284,-,IC
2014-11-28 00:56:14,437500000,26.1577,120.9719,-,IC
2014-11-28 00:56:14,438000000,26.144,120.9761,-,IC
2014-11-28 00:57:01,43600000,26.0866,120.918,-,IC
2014-11-28 00:58:27,104583062,25.7626571655273,120.418815612793,10.101,CG
2014-11-28 00:58:27,104900000,25.6583,120.5716,-,IC
2014-11-28 01:00:56,65700000,26.1783,120.9796,-,IC
2014-11-28 01:01:38,313300000,25.6682,120.5726,-,IC
2014-11-28 01:01:38,313500000,25.7211,120.4691,-,IC
2014-11-28 01:01:38,313800000,25.6816,120.5452,-,IC
2014-11-28 01:03:59,967400000,26.2259,121.0198,-,IC
2014-11-28 01:04:00,301400000,26.1804,120.9718,-,IC
2014-11-28 01:04:00,301600000,26.2641,120.9795,-,IC
2014-11-28 01:04:00,302400000,26.1373,120.989,-,IC
2014-11-28 01:04:00,401200000,26.1929,121.06,-,IC
2014-11-28 01:04:00,401300000,26.2449,121.0423,-,IC
2014-11-28 01:06:01,704700000,26.1793,120.979,-,IC
2014-11-28 01:06:01,704800000,26.1653,120.9879,-,IC
2014-11-28 01:06:01,878600000,26.3687,120.9922,-,IC
2014-11-28 01:06:59,779500000,26.167,121.049,-,IC
2014-11-28 01:07:00,9800000,26.231,121.0475,-,IC
2014-11-28 01:07:00,9900000,26.1977,121.0663,-,IC
2014-11-28 01:07:00,10000000,26.3021,121.0227,-,IC
2014-11-28 01:07:00,10100000,26.2898,121.021,-,IC
2014-11-28 01:07:00,10200000,26.2303,121.0298,-,IC
2014-11-28 01:07:53,663200000,25.7625,120.5236,-,IC
2014-11-28 01:07:53,663300000,25.7625,120.5236,-,IC
2014-11-28 01:07:53,663900000,25.7663,120.4927,-,IC
2014-11-28 01:07:53,664000000,25.7663,120.4927,-,IC
2014-11-28 01:08:38,901700000,26.1871,121.0314,-,IC
2014-11-28 01:08:39,63800000,26.2015,121.0623,-,IC
2014-11-28 01:11:51,566000000,26.2005,121.0404,-,IC
2014-11-28 01:11:51,695200000,26.2639,121.0901,-,IC
2014-11-28 01:11:51,724900000,26.1883,121.1215,-,IC
2014-11-28 01:11:51,745900000,26.2686,121.0562,-,IC
2014-11-28 01:12:36,26300000,26.1984,121.1669,-,IC
2014-11-28 01:12:36,292100000,26.2398,121.0888,-,IC
2014-11-28 01:12:36,292200000,26.1729,121.1243,-,IC
2014-11-28 01:12:40,783400000,26.1794,121.0472,-,IC
2014-11-28 01:13:11,847600000,26.1836,121.1347,-,IC
2014-11-28 01:14:21,132200000,26.3073,121.1252,-,IC
2014-11-28 01:15:00,160500000,25.7757,120.5406,-,IC
2014-11-28 01:15:00,160600000,25.7757,120.5406,-,IC
2014-11-28 01:15:06,280700000,26.1108,121.1648,-,IC
2014-11-28 01:15:30,95700000,26.2406,121.1134,-,IC
2014-11-28 01:17:35,549100000,26.2943,121.1647,-,IC
2014-11-28 01:20:50,735400000,25.7307,121.404,-,IC
2014-11-28 01:20:50,735500000,25.7307,121.404,-,IC
2014-11-28 01:24:02,105800000,26.2222,121.2213,-,IC
2014-11-28 01:24:02,173400000,26.3982,121.1677,-,IC
2014-11-28 01:25:16,348000000,26.2625,121.2487,-,IC
2014-11-28 01:30:04,669600000,26.3372,121.2323,-,IC
2014-11-28 01:30:04,669700000,26.3372,121.2323,-,IC
2014-11-28 01:30:04,838700000,26.3558,121.2417,-,IC
2014-11-28 01:30:04,838800000,26.3558,121.2417,-,IC
2014-11-28 01:31:18,826100000,26.3695,121.3001,-,IC
2014-11-28 01:31:18,826200000,26.3695,121.3001,-,IC
2014-11-28 01:32:35,638900000,26.3247,121.3153,-,IC
2014-11-28 01:32:35,639000000,26.3247,121.3153,-,IC
2014-11-28 01:32:35,974700000,26.4441,121.2371,-,IC
2014-11-28 01:32:35,997600000,26.4677,121.2609,-,IC
2014-11-28 01:34:16,900600000,25.881,121.4797,-,IC
2014-11-28 01:34:17,62700000,26.3749,121.2741,-,IC
2014-11-28 01:34:17,62900000,26.3228,121.2833,-,IC
2014-11-28 01:35:54,718400000,26.2663,121.3351,-,IC
2014-11-28 01:38:51,225700000,26.3441,121.3725,-,IC
2014-11-28 01:38:51,225800000,26.3441,121.3725,-,IC
2014-11-28 01:38:51,288100000,26.4382,121.3266,-,IC
2014-11-28 01:38:51,288200000,26.462,121.3133,-,IC
2014-11-28 01:40:30,165200000,25.8768,121.4847,-,IC
2014-11-28 01:40:30,166200000,26.306,121.3477,-,IC
2014-11-28 01:40:30,166300000,26.306,121.3477,-,IC
2014-11-28 01:41:10,47500000,26.415,121.3127,-,IC
2014-11-28 01:43:04,657500000,26.4031,121.406,-,IC
2014-11-28 01:43:04,657700000,26.2934,121.4311,-,IC
2014-11-28 01:43:04,692300000,26.4347,121.3986,-,IC
2014-11-28 01:43:58,857700000,26.4436,121.4035,-,IC
2014-11-28 01:51:07,431100000,25.9246,120.7708,-,IC
2014-11-28 01:51:39,927900000,25.4647,120.0616,-,IC
2014-11-28 01:52:59,222800000,25.9003,120.7922,-,IC
2014-11-28 01:53:03,716356627,25.5869522094727,119.447769165039,12.2285,CG
2014-11-28 01:53:55,320200000,25.8054,120.3928,-,IC
2014-11-28 01:53:55,329900000,25.7691,120.4584,-,IC
2014-11-28 01:53:55,330000000,25.7691,120.4584,-,IC
2014-11-28 01:54:48,108477159,25.6136474609375,119.420204162598,-12.0065,CG
2014-11-28 01:56:25,77700000,25.7496,120.42,-,IC
2014-11-28 01:56:25,77800000,25.7496,120.42,-,IC
2014-11-28 01:56:25,77900000,25.693,120.5234,-,IC
2014-11-28 01:56:25,99900000,25.6661,120.5677,-,IC
2014-11-28 01:56:25,100000000,25.6981,120.5187,-,IC
2014-11-28 01:56:25,136900000,25.7399,120.4384,-,IC
2014-11-28 01:56:25,137000000,25.7399,120.4384,-,IC
2014-11-28 01:56:25,194901522,25.8759899139404,120.251876831055,-11.8585,CG
2014-11-28 01:56:36,538700000,25.8848,120.8776,-,IC
2014-11-28 01:56:36,538800000,25.9113,120.8465,-,IC
2014-11-28 01:56:36,539000000,25.909,120.8467,-,IC
2014-11-28 01:56:36,539200000,25.9394,120.8285,-,IC
2014-11-28 01:58:24,843800000,25.7632,120.5059,-,IC
2014-11-28 01:58:24,843900000,25.7632,120.5059,-,IC
2014-11-28 01:58:25,148300000,25.7917,120.4926,-,IC
2014-11-28 01:58:25,148400000,25.7761,120.5156,-,IC
2014-11-28 02:01:56,697800000,25.4633,120.1629,-,IC
2014-11-28 02:02:48,766100000,25.9526,120.8838,-,IC
2014-11-28 02:04:56,855800000,25.5156,120.0333,-,IC
2014-11-28 02:04:56,855900000,25.5156,120.0333,-,IC
2014-11-28 02:04:56,874800000,25.6821,119.6264,-,IC
2014-11-28 02:04:56,908044810,25.7272720336914,119.474395751953,-25.1415,CG
2014-11-28 02:04:56,943100000,25.6398,119.7749,-,IC
2014-11-28 02:04:56,943200000,25.6304,119.7628,-,IC
2014-11-28 02:04:56,998000000,25.5954,119.8427,-,IC
2014-11-28 02:04:56,998100000,25.5697,119.9134,-,IC
2014-11-28 02:04:56,998200000,25.5253,120.0191,-,IC
2014-11-28 02:04:56,998400000,25.5803,119.7946,-,IC
2014-11-28 02:04:56,998900000,25.5166,120.0305,-,IC
2014-11-28 02:06:14,712000000,25.5983,119.7912,-,IC
2014-11-28 02:11:27,765400000,25.3979,120.4074,-,IC
2014-11-28 02:25:24,533200000,25.8494,120.6675,-,IC
2014-11-28 02:32:17,662500000,25.9167,120.5754,-,IC
2014-11-28 05:34:23,876800000,23.8686,122.0497,-,IC
2014-11-28 05:34:23,876900000,23.8749,122.0163,-,IC
2014-11-28 05:34:23,877100000,23.8462,122.1251,-,IC
2014-11-28 05:34:23,877200000,23.8766,122.0134,-,IC
2014-11-28 05:34:23,982300000,23.9513,122.099,-,IC
2014-11-28 05:48:02,969300000,23.9768,122.1044,-,IC
2014-11-28 05:48:03,138500000,23.9172,122.1203,-,IC
2014-11-28 05:48:03,138700000,23.9283,122.0554,-,IC
2014-11-28 06:11:19,264600000,23.9093,122.3949,-,IC
2014-11-28 06:11:19,264700000,23.9354,122.105,-,IC
2014-11-28 06:11:19,264800000,23.9347,122.1109,-,IC
2014-11-28 08:34:50,583300000,25.2341,119.5625,-,IC
2014-11-28 08:34:50,584600000,25.2115,119.8737,-,IC
2014-11-28 08:36:33,396600000,23.4654,121.7861,-,IC
2014-11-28 08:38:55,521800000,23.5608,121.8098,-,IC
2014-11-28 08:38:55,521900000,23.4787,121.8571,-,IC
2014-11-28 08:38:55,544100000,23.3393,121.8545,-,IC
2014-11-28 08:38:55,544200000,23.4311,121.8509,-,IC
2014-11-28 08:38:55,544300000,23.5379,121.8213,-,IC
2014-11-28 08:48:07,967500000,23.5834,121.8064,-,IC
2014-11-28 08:48:08,66300000,23.6061,121.832,-,IC
2014-11-28 08:55:31,966940142,25.3654365539551,119.652168273926,-10.286,CG
2014-11-28 09:05:06,433100000,25.3634,119.9208,-,IC
2014-11-28 09:05:06,433200000,25.3634,119.9208,-,IC
2014-11-28 09:15:43,277900000,25.3486,119.8753,-,IC
2014-11-28 09:15:43,278000000,25.3486,119.8753,-,IC
2014-11-28 10:03:11,650000000,23.2687,119.4775,-,IC
2014-11-28 10:03:11,650100000,23.2687,119.4775,-,IC
2014-11-28 10:03:11,706900000,23.2666,119.4782,-,IC
2014-11-28 10:18:32,63200000,22.321,120.5681,-,IC
2014-11-28 10:18:46,336600000,22.3883,120.4939,-,IC
2014-11-28 10:42:02,869772946,25.3790702819824,119.253135681152,-28.5085,CG
2014-11-28 10:44:19,792160493,25.2982692718506,119.358131408691,-9.176,CG
2014-11-28 11:16:40,125200000,25.5468,119.3944,-,IC
2014-11-28 19:46:16,8795893,23.2799625396729,121.618049621582,-9.583,CG
2014-11-28 20:01:22,203593941,23.249683380127,121.607391357422,-8.6025,CG
2014-11-28 20:35:54,950654015,23.5047187805176,121.828010559082,6.29,CG
2014-11-28 20:42:16,528811165,23.6343746185303,121.568435668945,-5.772,CG
2014-11-29 00:53:19,421375948,23.1758327484131,121.36402130127,5.365,CG
2014-11-29 15:49:51,542300000,25.4912,120.0966,-,IC
2014-11-29 15:58:57,642100000,25.4147,119.9706,-,IC
2014-11-29 15:58:57,642200000,25.4147,119.9706,-,IC
2014-11-29 16:03:15,648900000,25.4709,119.9799,-,IC
2014-11-29 16:11:55,344600000,25.5512,119.8757,-,IC
2014-11-29 18:41:57,170400000,24.4992,121.4642,-,IC
2014-11-30 02:39:12,813300000,26.4175,121.6706,-,IC
2014-11-30 06:50:25,239730032,26.3338146209717,121.274627685547,-22.6625,CG
2014-11-30 16:40:33,669900000,25.6327,120.0911,-,IC
2014-11-30 16:40:33,670000000,25.7129,119.8573,-,IC
